10106,247,2790,1,14,51.3819,-2.24306,0.791667,0,3,1,
10106,247,4470,1,20,35.1667,3.17361,-0.402778,0,3,1,
10106,247,9520,1,31,103.208,-2.35416,-6.35417,0,0,1,
10106,247,15800,1,63,10.8542,0.982141,0.197917,0,3,1,
10106,247,18370,1,9,16.9063,-0.544643,0.604167,0,3,1,
10106,247,20380,1,19,93.5139,-2.33334,-0.131944,0,0,1,
10106,247,27540,1,31,102.806,-5.72917,9.93056,0,0,1,
10106,248,1290,1,23,94.2639,-1.30506,-0.722222,0,0,1,
10106,248,1690,1,24,62.2266,-1.06051,-0.203125,0,3,1,
10106,248,17980,1,32,45.4464,0.178993,-2.70536,0,3,1,
10106,248,24600,1,9,103.09,-4.13889,-0.305556,0,0,1,
10106,248,39340,1,10,12.2813,0.58929,-1.23958,0,3,1,
10106,251,4490,1,5,53.2813,-9.10813,0.507813,0,0,1,
10106,255,5870,1,26,67.2639,-21.2431,-2.50694,0,0,1,
10106,256,8060,1,40,24.9444,-0.449654,0.993056,0,3,1,
10106,256,15160,1,33,88.5972,-1.20834,-8.04861,0,3,1,
10106,256,16160,1,34,47.7639,-11.125,-3.75694,0,5,1,
10106,257,5450,1,5,79.8681,10.1597,0.444444,0,3,1,
10106,257,9120,1,10,88.625,-5.40972,-0.0138889,0,0,1,
10106,257,9430,1,11,66.7292,-17.3333,0.333333,0,3,1,
10106,257,33240,1,6,59.4931,-0.743061,-2.68056,0,3,1,
10106,257,39740,1,8,102.882,-3.15277,-1.19444,0,0,1,
10106,257,43540,1,34,77.4688,-8.62699,0.242188,0,3,1,
10106,258,9340,1,15,38.1518,-6.46788,0.973214,0,3,1,
10106,258,9630,1,16,95.1111,-16.4305,3.29167,0,0,1,
10106,258,12520,1,28,92.9375,-11.4012,0.722222,0,0,1,
10106,258,13750,1,31,63,-11.3056,5.8125,0,0,1,
10106,258,40550,1,56,73.7847,-5.54167,-1.57639,0,3,1,
10106,258,41540,1,58,93.5625,-2.24011,-0.714286,0,0,1,
10106,258,47100,1,10,16.3819,0.861113,0.333333,0,3,1,
10106,258,58100,1,12,43.6181,-9.0486,3.71528,0,5,1,
10106,260,18030,1,55,46.0347,-8.0625,-0.743056,0,1,1,
10106,266,2190,1,42,101.014,-13.0208,0.229167,0,0,1,
10106,266,4000,1,44,45,7.4375,0.243056,0,3,1,
10106,266,9340,1,56,102.708,-8.68477,-0.944444,0,0,1,
10106,266,15650,1,15,77.8889,-5.82639,-1.06944,0,0,1,
10106,266,19980,1,25,58.8839,-0.308857,-0.0625,0,3,1,
10106,273,1390,1,1,42.5486,-9.39583,0.590278,0,5,1,
10106,274,9220,1,12,74.5625,-11.7222,-0.1875,0,1,1,
10106,274,9570,1,12,40.0208,-8.42361,0,0,1,1,
10106,274,22600,1,36,83.6875,1.06946,-4.71528,0,3,1,
10106,274,23950,1,45,102.271,-6.15277,-0.347222,0,0,1,
10106,274,31230,1,25,6.45833,-0.868056,-1.34028,0,1,1,
10106,276,13660,1,20,79.9722,-9.40278,6.38889,0,3,1,
10106,276,23450,1,10,50.2569,-5.42361,0.701389,0,1,1,
10106,277,8040,1,13,48.4896,-0.767841,0.166667,0,3,1,
10106,277,23920,1,52,102.729,-12.9792,-3.15972,0,0,1,
10106,277,25190,1,57,41.9028,-5.70139,2.47222,0,1,1,
10106,277,27580,1,3,37.7986,-7.22222,-1.39583,0,1,1,
10106,278,7920,1,4,41.0625,4.66667,-0.0277778,0,3,1,
10106,281,22210,1,25,27.7639,2.49306,2.0625,0,3,1,
10106,281,24140,1,28,53.4653,-6.61744,0.0833333,0,2,1,
10106,281,28180,1,37,75.4931,-12.625,0.736111,0,1,1,
10106,281,28520,1,37,40.875,-8.57639,-1,0,1,1,
10106,281,37370,1,62,51.2143,0.846523,-0.660714,0,3,1,
10106,281,44580,1,41,77.6319,0.88195,0.229167,0,3,1,
10106,281,51650,1,26,60.7361,2.64583,17.7708,0,3,1,
10106,281,56600,1,39,102.944,-3.33332,-1.46528,0,0,1,
10106,281,67640,1,24,80.9028,-2.36806,2.29167,0,3,1,
10106,281,68080,1,6,78.0347,-3.29168,8.86111,0,3,1,
10106,283,1240,1,6,90.9444,-5.78473,1.02083,0,0,1,
10106,283,2900,1,6,44.5139,-2.90973,4.0625,0,3,1,
10106,283,4800,1,18,62.6458,-2.74305,-0.722222,0,3,1,
10106,283,15680,1,9,10.7917,0.464287,1.07292,0,3,1,
10106,283,22560,1,49,51.4375,-7.28571,0.53125,0,0,1,
10106,283,47590,1,0,50.6389,2.65278,0.736111,0,3,1,
10106,283,70810,1,31,39.625,-0.520836,0.819444,0,3,1,
10106,284,9380,1,3,72.3333,2.38889,0.770833,0,3,1,
10106,284,23550,1,22,24.0893,0.900694,-0.803571,0,3,1,
10106,284,25720,1,25,55.3611,3.58334,0.333333,0,3,1,
10106,284,26750,1,26,64.1111,-1.81944,0.729167,0,3,1,
10106,284,61550,1,24,42.9167,2.17361,-1.30556,0,3,1,
10106,284,70870,1,35,62.0536,-1.02777,6.48214,0,3,1,
10106,284,74710,1,35,39.7222,0.493053,1.25694,0,3,1,
10106,284,87410,1,54,14.1042,0.419641,-0.770833,0,3,1,
10106,289,19640,1,35,78.3333,7.13007,-1.41667,0,3,1,
10106,289,20570,1,39,35.2361,7.60417,0.930556,0,3,1,
10106,289,22650,1,38,11.8125,-0.020833,-1.375,0,3,1,
10106,289,29720,1,43,31.3403,3.32639,-1.54861,0,3,1,
10106,289,36020,1,43,103.188,-2.13194,0.215278,0,3,1,
10106,289,41760,1,46,89.0486,1.40276,-3.1875,0,3,1,
10106,289,51580,1,55,103.229,-6.81944,-0.354167,0,0,1,
10106,289,62080,1,59,77.8889,-10.5625,-4.04167,0,3,1,
10106,289,70880,1,17,38.5208,2.77084,0.888889,0,3,1,
10106,291,2640,1,6,5.25893,-0.738021,0.116071,0,0,1,
10106,291,9410,1,37,35.6875,4.42361,-0.0902778,0,3,1,
10106,291,10750,1,40,14.4236,-0.0181036,-1.88889,0,3,1,
10106,291,30500,1,11,17.1944,4.0625,-1.26389,0,3,1,
10106,293,9160,1,62,103.215,-13.5833,-1.72917,0,0,1,
10106,293,16690,1,62,47.1597,-0.402775,-8.45833,0,3,1,
10106,293,24320,1,34,85.2917,-15.0556,0.868056,0,1,1,
10106,293,36780,1,55,91.7054,-0.419792,1.33929,0,3,1,
10106,293,37610,1,12,31.6458,-6.7056,-0.951389,0,3,1,
10106,294,4290,1,21,52.6042,-17.9306,-2,0,1,1,
10106,294,16220,1,56,56.8819,-4.4375,1.21528,0,3,1,
10106,295,11840,1,7,70.7708,-12.2709,-0.5,0,0,1,
10106,295,18350,1,7,51.7847,1.27083,-9.74306,0,3,1,
10106,295,54490,1,20,85.0417,-12.2083,1.43056,0,1,1,
10106,296,22330,1,9,30.9464,-2.01979,0.571429,0,3,1,
10106,296,44510,1,21,71.7986,-9.40972,-0.0555556,0,3,1,
10106,296,53320,1,25,76.5208,-2.74305,0.0277778,0,3,1,
10106,297,3870,1,2,62.5234,2.02678,1.09375,0,3,1,
10106,297,4460,1,4,37.8194,-4.02778,3.26389,0,3,1,
10106,297,10820,1,6,92.125,-12.3333,-3.3125,0,0,1,
10106,297,24180,1,22,86.9167,-3.88889,0.458333,0,3,1,
10106,297,25420,1,22,56.2431,-1.34028,-0.777778,0,3,1,
10106,297,39360,1,48,59.2946,-1.0309,-1.8125,0,3,1,
10106,297,40780,1,56,32.3482,-1.47916,0.982143,0,3,1,
10106,297,46940,1,5,31.9583,-0.201389,2.25694,0,3,1,
10106,299,640,1,4,11.6736,-0.131944,2.36806,0,3,1,
10106,299,1050,1,4,13.4583,0.236111,-3.90972,0,3,1,
10106,299,1570,1,5,6.90179,0.285243,1.14286,0,3,1,
10106,300,14360,1,51,54.4722,-10.3003,-7.50694,0,1,1,
10106,300,35220,1,15,84.4861,-4.74304,-0.305556,0,3,1,
10106,300,46310,1,49,16.9444,0.0416679,1.13889,0,3,1,
10106,300,49400,1,52,31.75,-1.06944,-1.98611,0,3,1,
10106,300,49900,1,52,31.4167,-3.26389,-0.569444,0,3,1,
10106,300,58810,1,21,46.4931,-8.61806,3.65278,0,5,1,
10106,300,74930,1,17,46.3333,-11.4444,0.243056,0,1,1,
10106,303,10420,1,10,92.4236,-10.6944,-2.10417,0,0,1,
10106,303,23170,1,30,77.7292,-10.9132,-0.229167,0,3,1,
10106,303,27420,1,40,54.4931,-7.45833,-3.38889,0,3,1,
10106,303,33410,1,56,75.7813,-8.47123,0.28125,0,3,1,
10106,303,35520,1,59,99.2153,-3.875,0.298611,0,0,1,
10106,303,37740,1,62,45.9792,-2.97917,1.45833,0,3,1,
10106,303,38160,1,0,102.903,-2.03473,1.02083,0,0,1,
10106,303,42820,1,15,75.8889,-4.28385,1.11806,0,3,1,
10106,303,44710,1,16,42.6042,-7.125,0.0625,0,0,1,
10106,303,44900,1,17,26.2153,-6.73574,3.70833,0,1,1,
10106,303,60900,1,49,68.9444,-10.128,11.0833,0,3,1,
10106,305,6310,1,37,62.6667,-6.93031,0.201389,0,0,1,
10106,305,9270,1,50,75.5625,0.305565,8.58333,0,3,1,
10106,305,33480,1,58,32.6389,-6.17361,0.5625,0,1,1,
10106,305,40410,1,10,39.6354,-1.74999,-0.0520833,0,0,1,
10106,305,48880,1,36,48.2604,-6.91072,-2.22917,0,1,1,
10106,305,53050,1,39,10.9861,2.22222,-1.56944,0,3,1,
10106,306,1820,1,2,12.1071,-0.0394096,-1.38393,0,0,1,
10106,308,5180,1,2,101.792,-9.15278,0.993056,0,0,1,
10106,308,6200,1,4,96.9375,-10.5208,0.166667,0,3,1,
10106,308,31580,1,58,72.2778,1.54166,-3.98611,0,3,1,
10106,308,32800,1,58,47.5,0,-9.84722,0,3,1,
10106,308,40370,1,8,97.7891,-8.5883,7.41406,0,0,1,
10106,308,59260,1,35,103.069,-3.30555,-2.11111,0,0,1,
10106,309,10430,1,27,102.576,-6.47916,0.930556,0,0,1,
10106,309,33630,1,26,102.042,-18.9288,0.0972222,0,0,1,
10106,309,50710,1,18,102.236,-7.45834,1.31944,0,0,1,
10106,309,80530,1,54,68.1667,-4.24305,0.465278,0,3,1,
10106,309,82150,1,56,99.3958,-10.0139,-1.18056,0,0,1,
10106,313,6560,1,17,41.3819,-5.61806,0.0208333,0,3,1,
10106,313,7780,1,21,61.5139,3.85416,0.243056,0,3,1,
10106,315,6460,1,14,54.5417,-8.88889,0.444444,0,1,1,
10106,315,12910,1,27,98.2222,-10.4653,1.43056,0,0,1,
10106,315,13650,1,30,44.5,-3.51984,0.484375,0,3,1,
10106,315,24490,1,42,67.5,1.30555,-2.26389,0,3,1,
10106,315,25800,1,0,88.1667,0.454865,8.28472,0,3,1,
10106,316,240,1,4,9.85938,0.980159,2.01563,0,3,1,
10106,316,800,1,5,88.5764,-5.43055,-12.0972,0,0,1,
10106,316,25280,1,15,85.6181,-11.8264,1.45139,0,3,1,
10106,317,6000,1,16,40.7778,-8.4566,-2.25694,0,3,1,
10106,317,17310,1,35,96.9792,-6.04168,-1.1875,0,0,1,
10106,318,2520,1,32,48.0268,-6.60608,-0.883929,0,0,1,
10106,318,10880,1,16,11.0694,0.692708,2.21528,0,3,1,
10106,319,12830,1,32,15.4236,3.26389,-1.49306,0,3,1,
10106,320,1000,1,32,89.9792,1.70834,-8.34028,0,3,1,
10106,320,1940,1,32,21.8125,-3.1625,-1.0625,0,2,1,
10106,320,19290,1,29,45.6071,0.979336,-0.0535714,0,3,1,
10106,320,22040,1,45,60.6181,-0.789185,-4.22917,0,3,1,
10106,320,22950,1,46,56.1181,-0.944447,6.78472,0,3,1,
10106,320,23360,1,45,49.5,0.535717,1.47917,0,3,1,
10106,320,56710,1,10,96.5625,-2.65972,-0.215278,0,0,1,
10106,320,61010,1,19,48.2266,-7.1121,1.73438,0,3,1,
10106,321,6910,1,40,93.0417,-7.22222,-0.270833,0,0,1,
10106,322,480,1,6,90.1458,1.55556,9.375,0,3,1,
10106,322,4610,1,18,67.3194,-6.31944,-2.40972,0,3,1,
10106,322,6960,1,24,42.25,2.36598,0.553571,0,3,1,
10106,322,22590,1,35,50.1319,-7.20151,-1.93056,0,3,1,
10106,322,30480,1,0,82.5859,-2.91171,-0.265625,0,3,1,
10106,322,41420,1,27,15.0903,-0.397818,1.03472,0,3,1,
10106,322,41660,1,0,34.7411,-0.164063,-6.67857,0,3,1,
10106,322,47600,1,54,69.0486,-6.88108,1.47917,0,3,1,
10106,322,48230,1,54,33.0278,-3.52778,0.861111,0,3,1,
10106,322,56260,1,13,51.0417,-4.97917,0.736111,0,3,1,
10106,322,62110,1,0,62.875,0.643852,-0.0078125,0,3,1,
10106,323,200,1,4,47.8571,-4.35538,-0.151786,0,3,1,
10106,323,15880,1,52,66.2708,-6.66666,0.645833,0,5,1,
10106,323,16980,1,57,22.2813,-0.3125,0.28125,0,3,1,
10106,323,18280,1,63,34.9583,-3.41965,-0.333333,0,3,1,
10106,323,37670,1,9,68.0938,-2.49306,0.015625,0,1,1,
10106,323,55410,1,29,72.8194,0.743057,-16.4583,0,3,1,
10106,323,56150,1,29,81.4653,0.527779,-18.7014,0,3,1,
10106,323,64620,1,26,66.1607,-1.72917,2.09821,0,3,1,
10106,323,71080,1,59,69.8646,-5.49999,-4.08333,0,5,1,
10106,324,4900,1,33,53.2292,2.19643,1.10417,0,3,1,
10106,324,11270,1,45,49.8958,-7.70139,2.76389,0,3,1,
10106,329,3800,1,21,54.0069,-16.0851,0.0763889,0,4,1,
10106,329,3910,1,21,38,-13.0069,-0.152778,0,0,1,
10106,329,6260,1,21,13.0694,0.944445,2.90278,0,3,1,
10106,329,6780,1,21,12.9236,0.659723,-1.42361,0,3,1,
10106,329,8810,1,27,12.5179,-0.336631,0.1875,0,3,1,
10106,329,9640,1,29,33.5069,1.52777,1.44444,0,3,1,
10106,329,11720,1,34,4.41406,0.0267854,0.0078125,0,1,1,
10106,329,48300,1,60,88.9167,-3.80556,0.611111,0,0,1,
10106,329,49740,1,63,45.75,-4.41965,-0.197917,0,0,1,
10106,329,50540,1,6,56.8304,-1.6427,0.669643,0,3,1,
10106,329,56270,1,22,54.4896,0.732155,-2.32292,0,3,1,
10106,329,57870,1,30,44.7708,-0.55357,0.0208333,0,3,1,
10106,330,1580,1,6,43.0903,-1.43056,4.55556,0,3,1,
10106,330,4950,1,14,55.3958,-7.61111,0.368056,0,2,1,
10106,330,8600,1,28,88.7969,-3.25893,-0.015625,0,0,1,
10106,331,260,1,2,72.7292,1.13194,1.21528,0,3,1,
10106,331,520,1,2,77.0139,1.625,6.42361,0,3,1,
10106,331,5830,1,41,63.3403,-5.74827,-3.68056,0,3,1,
10106,331,11420,1,56,71,-2.84721,5.17361,0,3,1,
10106,331,19130,1,33,62.7986,-8.96528,11.4722,0,3,1,
10106,331,39320,1,50,39.3194,-2.56945,-0.597222,0,3,1,
10106,331,52590,1,12,45.4167,0.276775,-0.802083,0,3,1,
10106,332,300,1,2,103.847,-7.24999,-0.0555556,0,0,1,
10106,333,8660,1,14,27.1111,3.31944,0.159722,0,3,1,
10106,335,11270,1,35,36.8889,5.08334,0.541667,0,3,1,
10106,335,32370,1,25,33.5903,-12.6806,-0.0694444,0,0,1,
10106,337,30460,1,56,102.194,-10.1667,-6.59722,0,0,1,
10106,337,46570,1,16,13.0714,0.117882,-0.8125,0,3,1,
10106,337,47510,1,52,41.2422,-2.66964,-0.15625,0,3,1,
10106,337,58910,1,19,22.0556,1.72222,0.576389,0,3,1,
10106,337,71500,1,24,60.3333,1.25,-0.427083,0,3,1,
10106,337,139930,1,33,96.3819,2.22916,3.21528,0,3,1,
10106,338,520,1,15,103.375,-7.86111,1.20833,0,3,1,
10106,338,8880,1,58,100.91,3.75694,1.03472,0,3,1,
10106,338,33930,1,58,40.4271,-2.98216,0.510417,0,3,1,
10106,338,46530,1,36,19.7083,4.29861,0.826389,0,3,1,
10106,339,2700,1,6,38.2431,-3.29861,-0.0833333,0,3,1,
10106,339,4190,1,7,49.4286,-0.146008,1.82143,0,3,1,
10106,339,21840,1,35,53.7986,-1.43056,0.0833333,0,3,1,
10106,339,23570,1,37,44.1597,-6.25694,2.03472,0,0,1,
10106,339,32190,1,52,17.75,-0.388889,-1.42361,0,3,1,
10106,339,42780,1,16,20.7917,-2.5,-0.166667,0,3,1,
10106,339,43270,1,19,10.4643,-1.3816,1.69643,0,1,1,
10106,339,66290,1,47,67.8056,-10.5,-4.4375,0,1,1,
10106,339,74730,1,27,3.6875,0.99809,0.705357,0,1,1,
10106,339,93420,1,36,5.86111,1.23772,0.138889,0,0,1,
10106,339,93620,1,37,4.875,-0.567882,0.205357,0,1,1,
10106,339,104670,1,42,10.9722,1.59028,1.84722,0,3,1,
10106,339,106920,1,46,4.83929,0.350348,-1.0625,0,5,1,
10106,339,108050,1,49,35.5764,-6.78472,3.40278,0,3,1,
10106,339,113350,1,9,87.7847,-8.02084,1.47917,0,3,1,
10106,340,500,1,2,70.3403,0.347229,6.93056,0,3,1,
10106,340,5290,1,25,86.5625,-5.38889,0.111111,0,3,1,
10106,340,11520,1,8,103.931,-3.20833,7.15278,0,0,1,
10106,340,12030,1,21,72.4583,-7.61483,-1.55556,0,3,1,
10106,340,30080,1,22,16.4722,4.91667,2.63194,0,3,1,
10106,340,51150,1,15,12.8611,-4.85417,-2.04861,0,1,1,
10106,340,61740,1,40,41.0694,-8.95833,2.97917,0,5,1,
10106,340,66040,1,57,32.2578,-2.22421,0.0859375,0,5,1,
10106,340,74360,1,16,46.0347,-8.72222,-0.868056,0,2,1,
10106,340,76600,1,53,26.4514,3.78472,-1.33333,0,3,1,
10106,340,77880,1,15,46.1518,-1.83091,0.607143,0,3,1,
10106,341,3180,1,6,45.7431,-10.3472,-0.0902778,0,1,1,
10106,341,22480,1,30,98.0694,-7.56945,1.36806,0,0,1,
10106,341,23840,1,34,38.5278,-7.13219,-1.80556,0,1,1,
10106,341,26860,1,38,9.28125,0.830359,3.41667,0,3,1,
10106,341,27110,1,39,11.2014,-0.270833,0.0277778,0,3,1,
10106,341,35510,1,5,97.0347,-4.66666,-0.763889,0,0,1,
10106,341,36870,1,5,51.3542,-3.75,3.86111,0,3,1,
10106,341,38700,1,10,104.382,-10.5347,0.8125,0,0,1,
10106,341,40200,1,7,43.3889,-2.29167,-6.24306,0,3,1,
10106,344,13380,1,35,96.2708,-0.94445,12.5556,0,0,1,
10106,344,13920,1,31,36.4375,-0.0833321,3.10417,0,3,1,
10106,344,33570,1,38,75.5833,-2.60416,-3.66667,0,3,1,
10106,346,5690,1,1,18.0833,3.08333,-1.60417,0,3,1,
10106,346,6990,1,4,71.5313,-4.87499,0,0,3,1,
10106,347,4390,1,0,22.5,0.277777,-1.26389,0,3,1,
10106,347,5900,1,1,22.5625,2.52778,0.673611,0,3,1,
10106,347,6730,1,1,36.8333,-0.833332,3.46528,0,3,1,
10106,347,7110,1,1,34.8542,0.159721,3.47917,0,3,1,
10106,352,3010,1,8,3.16964,-0.5625,0,0,0,1,
10106,353,11560,1,58,57.5,-8.51786,0.375,0,0,1,
10106,354,3640,1,37,67.9167,-4.16069,0,0,5,1,
10106,354,17290,1,25,65.3125,-13.2708,-2.73611,0,5,1,
10106,354,18470,1,33,10.1563,-0.0982141,3.77083,0,3,1,
10106,355,15110,1,10,49.9583,0.576386,0.354167,0,3,1,
10106,356,7680,1,6,34.0729,-4.75,0.375,0,3,1,
10106,356,18850,1,15,58.9107,0.927429,0.0535714,0,3,1,
10106,356,24620,1,33,19.7569,5.11111,-1.38194,0,3,1,
10106,356,26400,1,36,60.4219,-0.818451,3.375,0,3,1,
10106,356,41180,1,4,79.5547,-4.92559,2.3125,0,3,1,
10106,356,51690,1,41,102.847,-3.03471,-1.86806,0,0,1,
10106,356,63950,1,46,103.292,-1.37499,0.159722,0,0,1,
10106,356,67950,1,60,72.3542,-15.875,-1.49306,0,5,1,
10106,356,78260,1,17,36.7604,-0.714283,-0.59375,0,3,1,
10106,356,81150,1,35,18.4931,-5.43056,-0.111111,0,1,1,
10106,356,86860,1,37,11.5556,-2.33333,0.645833,0,1,1,
10106,356,121950,1,13,22.2569,2.36111,0.847222,0,3,1,
10106,356,123280,1,21,53.0234,-0.822418,0.3125,0,3,1,
10106,356,125630,1,14,20.875,2.65972,-1.27083,0,3,1,
10106,356,135700,1,48,8.38393,0.433159,-1.50893,0,0,1,
10106,356,146850,1,62,43.2083,-1.79167,-1.54861,0,3,1,
10106,356,157510,1,53,55.5234,-5.38591,-4.28125,0,3,1,
10106,356,183810,1,12,52.5903,-9.08334,-3.76389,0,1,1,
10106,356,191650,1,25,103.583,-1.76388,1.94444,0,0,1,
17103,966,738320,1,53,68.1172,2.32043,-5.125,0,3,1,
17103,966,745080,1,1,16.2813,1.07639,3.15625,0,3,1,
17103,966,747300,1,1,31.2222,-6.47223,-7.41667,0,3,1,
17103,966,756820,1,63,65.9861,-7.58334,0.930556,0,3,1,
17103,966,778070,1,20,45.7569,8.5,3.47917,0,2,1,
17103,966,778760,1,20,54.2708,2.06944,8.79167,0,3,1,
17103,966,779170,1,20,51.4097,-0.784721,1.89583,0,3,1,
17103,966,799670,1,0,69.1806,-2.75001,-2.59028,0,1,1,
17103,966,855430,1,7,93.6806,-3.14584,0.763889,0,0,1,
17103,966,857200,1,7,23.4125,-0.208891,-0.85,0,3,1,
17103,966,863330,1,32,80.7361,-4.54167,17.7778,0,3,1,
17103,966,864140,1,22,44.7768,-5.82379,-0.0803571,0,0,1,
17103,966,877000,1,26,20.1944,2.07639,0.659722,0,3,1,
17103,966,883620,1,18,48.0278,4.71527,-0.472222,0,3,1,
17103,966,885620,1,33,32.7083,5.41666,0.125,0,3,1,
17103,966,1.04377e+06,1,23,25.25,-3.0625,2.16667,0,3,1,
17103,966,1.05044e+06,1,12,81.8203,-7.82045,1.17969,0,3,1,
17103,966,1.05373e+06,1,6,18.3542,2.5,-2.02083,0,3,1,
17103,966,1.08613e+06,1,51,21.7361,-0.854168,0.1875,0,1,1,
17103,966,1.11911e+06,1,34,44.4028,-1.51674,0.680556,0,3,1,
17103,966,1.20798e+06,1,15,86.8403,-0.534714,0.583333,0,3,1,
17103,966,1.20895e+06,1,15,52.1389,-4.375,-0.0555556,0,2,1,
17103,966,1.23688e+06,1,55,40.4844,0.532738,0.804688,0,3,1,
17103,966,1.32294e+06,1,2,39.5486,-9.4375,2.40278,0,2,1,
17103,966,1.32844e+06,1,6,17.5208,-3.42361,2.13889,0,2,1,
17103,966,1.335e+06,1,32,46.1319,0.0833321,-2.11111,0,3,1,
17103,966,1.35036e+06,1,25,61.0069,-12.2778,-1.41667,0,1,1,
17103,966,1.35331e+06,1,33,29.1389,2.10417,4.96528,0,3,1,
17103,967,1950,1,37,36.7847,0.0416679,-0.104167,0,3,1,
17103,967,8580,1,38,39.0234,0.467266,-0.65625,0,3,1,
17103,967,70650,1,35,17.4271,3.16072,0.90625,0,3,1,
17103,967,79650,1,8,40.4931,-1.61111,2,0,3,1,
17103,967,91410,1,14,32.9028,-4.90278,1.92361,0,2,1,
17103,967,103830,1,10,61.875,-3.77777,-2.86806,0,3,1,
17103,967,104500,1,12,42.3125,-5.38381,-0.701389,0,1,1,
17103,967,112170,1,12,75.5278,-4.64582,-6.84722,0,3,1,
17103,967,240520,1,34,68.8681,6.68056,2.08333,0,3,1,
17103,967,256480,1,29,37.7083,-5.72917,0.201389,0,1,1,
17103,967,322460,1,60,26.0139,-0.215275,-1.1875,0,3,1,
17103,967,329120,1,62,51.3542,-3.9236,0.354167,0,3,1,
17103,967,345770,1,13,81.0486,-1.04862,1.53472,0,3,1,
17103,967,348670,1,8,69.1806,8.71528,0.729167,0,3,1,
17103,967,350630,1,1,22.125,-4.02083,-3.38194,0,3,1,
17103,967,490550,1,14,59.75,0.472221,-0.9375,0,3,1,
17103,967,505060,1,0,31.2778,3.38194,0.8125,0,3,1,
17103,967,507450,1,9,49.4514,-7.1875,-0.638889,0,1,1,
17103,967,509360,1,10,12.5833,1.02083,-2.05556,0,3,1,
17103,967,526460,1,19,50.0278,-2.06944,5.79167,0,3,1,
17103,967,532320,1,32,61.1667,-12.2431,-5.52778,0,1,1,
17103,967,586210,1,18,71.4444,-1.125,-1.52083,0,3,1,
17103,967,605320,1,33,43.1597,2.81251,2.0625,0,3,1,
17103,967,612700,1,44,11.3214,-1.68941,0.946429,0,1,1,
17103,967,615320,1,51,14.625,0,0,0,1,1,
17103,967,790360,1,28,46.6597,-11.6944,-0.451389,0,3,1,
17103,967,812830,1,49,51.5556,-3.65972,-0.895833,0,0,1,
17103,967,1.07034e+06,1,13,16.375,6.3125,-0.659722,0,3,1,
17103,967,1.07315e+06,1,13,55.9653,3.63195,-1.85417,0,3,1,
17103,967,1.08306e+06,1,42,37.3264,1.01773,0.180556,0,3,1,
17103,967,1.08847e+06,1,5,14.4792,4.35417,1.59722,0,3,1,
17103,967,1.09362e+06,1,56,41.5804,-1.42048,-0.0267857,0,3,1,
17103,967,1.10232e+06,1,0,45.7847,-4.20139,-0.215278,0,1,1,
17103,967,1.16288e+06,1,26,39.8393,-4.90017,-0.205357,0,0,1,
17103,969,3880,1,53,20.9653,-7.8125,2.0625,0,1,1,
17103,969,7780,1,0,10.4479,1.55357,0.0208333,0,3,1,
17103,969,40930,1,53,10.2266,-0.031745,2.15625,0,0,1,
17103,969,48590,1,24,20.4167,-7.91667,2.05556,0,5,1,
17103,969,65510,1,32,44.1181,-6.66145,-6.45833,0,2,1,
17103,969,66190,1,52,81.7344,-6.82441,-2.26563,0,5,1,
17103,969,68560,1,53,16.9931,-0.138889,0,0,1,1,
17103,969,82050,1,43,14.8854,2.49107,1.82292,0,3,1,
17103,969,83370,1,56,78.5,6.375,0.993056,0,3,1,
17103,969,110070,1,6,26.8542,3.40972,-0.847222,0,3,1,
17103,969,152430,1,52,82.8472,-14.0347,4.29167,0,0,1,
17103,969,152790,1,52,54.8984,-1.92361,2.84375,0,3,1,
17103,969,169070,1,20,57.0903,-3.64582,-1.6875,0,3,1,
17103,969,185410,1,33,48.2153,-10.3715,-0.368056,0,5,1,
17103,969,188450,1,56,56.8125,-4.39583,-0.138889,0,3,1,
17103,969,196610,1,11,48.6736,-9.79861,-0.763889,0,1,1,
17103,969,201420,1,15,102.653,2.8264,-4.10417,0,3,1,
17103,969,204300,1,24,55.9514,-8.50695,-2.11111,0,3,1,
17103,969,222990,1,12,15.4018,1.39618,2.16071,0,3,1,
17103,969,334450,1,51,35.0833,-1.16667,0.0277778,0,3,1,
17103,969,337400,1,11,29.6016,-1.39484,0.71875,0,3,1,
17103,969,344250,1,34,14.1528,0.994792,-0.208333,0,3,1,
17103,969,348160,1,29,21.7222,1.32639,1.71528,0,3,1,
17103,969,349430,1,55,30.9514,-1.63194,1.97917,0,3,1,
17103,969,374720,1,27,5.91071,-0.115278,0.357143,0,0,1,
17103,969,381140,1,52,18.9792,4.70139,0.5,0,3,1,
17103,969,382350,1,56,32.75,3.05556,4.97917,0,3,1,
17103,969,389300,1,60,75.6319,7.11111,-0.409722,0,3,1,
17103,969,392770,1,6,45.3203,-3.02282,0.835938,0,3,1,
17103,969,440240,1,27,24.8542,1.59722,-3.91667,0,3,1,
17103,969,453220,1,9,26.625,-5.40811,2.15972,0,0,1,
17103,969,463540,1,15,86.7153,1.90972,-3.38889,0,3,1,
17103,969,464450,1,53,104.451,-9.68055,-7.63889,0,0,1,
17103,969,465110,1,21,75.1042,-11.4861,-1.88194,0,5,1,
17103,969,474820,1,38,77.8542,-6.55555,0.458333,0,3,1,
17103,969,483100,1,47,47.75,-9.9375,-1.09722,0,2,1,
17103,969,496000,1,63,91.9722,4.68056,-3.04167,0,3,1,
17103,969,511530,1,60,59,-0.743053,0.965278,0,3,1,
17103,969,514590,1,53,52.3854,0.044651,6.97917,0,3,1,
17103,969,518800,1,46,64.5347,-10.2917,0.666667,0,3,1,
17103,969,535150,1,43,104.826,-9.60417,-6.88889,0,0,1,
17103,969,537390,1,31,41.6042,-8.02778,2.95139,0,2,1,
17103,969,548070,1,14,33.4453,-3.22618,0.679688,0,0,1,
17103,969,553830,1,38,37.6528,3.09723,-1.52083,0,3,1,
17103,969,575740,1,16,20.3333,-4.84028,2.59722,0,5,1,
17103,969,625130,1,12,104.507,-7.75694,-1.40278,0,3,1,
17103,969,630500,1,36,94.5625,-7.50695,-1.10417,0,0,1,
17103,969,631250,1,57,48.875,-4.5501,-1.35417,0,2,1,
17103,969,634780,1,5,6.00893,-0.78125,-0.178571,0,0,1,
17103,969,638320,1,12,49.6389,-6.28473,-1.27083,0,3,1,
17103,969,640320,1,12,46.375,-4.68056,-5.54167,0,3,1,
17103,969,640860,1,39,15.9444,-0.180554,-3.20833,0,3,1,
17103,969,668850,1,27,9.77778,-4.23611,-0.326389,0,1,1,
17103,969,669320,1,46,16.875,-2.85714,2.77083,0,1,1,
17103,969,677720,1,5,49.6944,-2.8125,2.125,0,3,1,
17103,969,684740,1,30,58.8958,-3.95139,-1.25694,0,3,1,
17103,969,687980,1,35,33.2656,-3.74306,1.02344,0,0,1,
17103,969,691280,1,39,26.5278,5.84152,-1.33333,0,3,1,
17103,969,698030,1,29,86.7708,-4.54166,-0.833333,0,5,1,
17103,969,700470,1,0,56.9931,-3.93056,0.243056,0,0,1,
17103,969,703770,1,3,102.111,4.15279,0,0,3,1,
17103,969,707650,1,48,11.1319,0.256943,-0.902778,0,3,1,
17103,969,842920,1,4,103.729,-6.33333,2.14583,0,0,1,
17103,969,879040,1,56,53.7292,-5.31944,6.27083,0,5,1,
17103,969,881660,1,29,90.6736,-9.38194,0.222222,0,0,1,
17103,969,893690,1,19,34.5972,1.72917,0.881944,0,3,1,
17103,969,895940,1,1,10.7917,2.37537,0.923611,0,3,1,
17103,969,897610,1,8,22.5556,-0.472223,0.152778,0,3,1,
17103,969,924650,1,47,105.063,-11.0278,0.256944,0,0,1,
17103,969,928910,1,55,61.0417,-4.83271,-1.86111,0,1,1,
17103,969,934450,1,0,24.9514,1.78472,4.77083,0,3,1,
17103,969,944060,1,2,13.6172,1.03075,-2.03125,0,3,1,
17103,969,993110,1,31,87.8333,-16.3958,4.28472,0,0,1,
17103,969,1.00936e+06,1,57,71.1806,5.20833,1.49306,0,3,1,
17103,969,1.03691e+06,1,27,39.6875,-7.27778,-2.25694,0,5,1,
17103,969,1.04429e+06,1,61,40.8056,1.48277,7.57639,0,3,1,
17103,969,1.04684e+06,1,9,17.5179,1.85608,-2.27679,0,3,1,
17103,969,1.06555e+06,1,37,51.4028,-7.375,2.28472,0,3,1,
17103,969,1.06697e+06,1,14,32.1641,-2.28968,3.86719,0,3,1,
17103,969,1.07385e+06,1,56,20.7708,-4.33333,2.375,0,5,1,
17103,969,1.07572e+06,1,38,22.5972,-2.02778,0.930556,0,1,1,
17103,969,1.07828e+06,1,28,12.6429,-2.375,1.76786,0,1,1,
17103,969,1.07994e+06,1,9,12.0625,1.33929,-0.541667,0,3,1,
17103,969,1.0881e+06,1,4,45.8611,-4.26885,-0.270833,0,3,1,
17103,969,1.08887e+06,1,4,18.0694,-4.83334,-4.54861,0,2,1,
17103,969,1.17388e+06,1,32,27.1597,-7.81945,1.8125,0,5,1,
17103,969,1.17738e+06,1,31,34.4286,-0.208157,0.383929,0,3,1,
17103,969,1.18275e+06,1,51,41.1328,2.32936,-1.61719,0,3,1,
17103,969,1.18616e+06,1,23,15.3214,-1.46285,2.60714,0,5,1,
17103,969,1.18951e+06,1,21,36.3819,-7.82639,1.99306,0,2,1,
17103,969,1.20039e+06,1,58,4.79464,-0.611979,-0.133929,0,0,1,
17103,969,1.20147e+06,1,24,11.3393,0.192534,-0.821429,0,3,1,
17103,969,1.20263e+06,1,15,78.6071,-4.1139,-2.59821,0,5,1,
17103,969,1.20836e+06,1,11,22.6389,5.40972,-0.465278,0,0,1,
17103,969,1.20893e+06,1,46,18.9167,0.3125,-1.26042,0,3,1,
17103,969,1.21515e+06,1,23,66.4453,-5.96329,-0.382813,0,5,1,
17103,969,1.22129e+06,1,0,18.7917,0.256943,3.88889,0,3,1,
17103,969,1.22739e+06,1,1,23.1667,3.41072,0.40625,0,3,1,
17103,969,1.32353e+06,1,3,65.0833,0.38195,1.24306,0,3,1,
17103,969,1.33387e+06,1,19,46.1042,1.46231,1.82639,0,3,1,
17103,969,1.35501e+06,1,27,67.4479,2.07142,10.9479,0,3,1,
17103,969,1.35886e+06,1,48,64.5,-8.99306,0,0,1,1,
17103,969,1.36135e+06,1,18,24.7153,-3.52306,1.24306,0,1,1,
17103,969,1.36568e+06,1,57,14.7031,-2.98016,1.74219,0,1,1,
17103,969,1.36601e+06,1,58,4.47321,-0.207986,1.01786,0,5,1,
17103,969,1.36947e+06,1,10,12.2232,-1.62865,0.366071,0,0,1,
17103,970,1960,1,50,16.0104,-2.33036,2.66667,0,5,1,
17103,970,2330,1,43,30.5625,-6.07639,1.28472,0,1,1,
17103,970,4710,1,34,9.72321,1.06667,0.303571,0,0,1,
17103,970,5800,1,32,39.9375,-0.958332,5.32639,0,3,1,
17103,970,15780,1,37,51.3681,-10.1319,-7.15278,0,1,1,
17103,970,29570,1,53,10.2768,0.227605,1.21429,0,3,1,
17103,970,38230,1,31,44.5536,0.143929,1.58929,0,3,1,
17103,970,87110,1,7,22.5139,-3.90972,-5.10417,0,5,1,
17103,970,88760,1,46,34.1042,2.625,-6.53472,0,3,1,
17103,970,90390,1,53,104.722,-5.95833,3.70833,0,0,1,
17103,970,117460,1,31,27.5764,-3.02083,4.89583,0,3,1,
17103,970,121430,1,0,82.7986,-11.3003,0.347222,0,3,1,
17103,970,130950,1,58,46.4514,-3.63368,1.27083,0,3,1,
17103,970,152580,1,24,61.0972,0.981647,4.31944,0,3,1,
17103,970,153410,1,11,46.6458,-5.05356,0.958333,0,3,1,
17103,970,156990,1,48,81.6528,1.9427,-1.125,0,3,1,
17103,970,168100,1,40,17.6181,1.78472,-2.25,0,3,1,
17103,970,287630,1,47,26.4306,-4.71528,-0.416667,0,5,1,
17103,970,300900,1,8,19.0903,-7.58333,2.875,0,5,1,
17103,970,310620,1,16,62.5833,-11.9375,-6.33333,0,5,1,
17103,970,310850,1,36,36.8403,-10.4583,-5.25694,0,5,1,
17103,970,321480,1,29,13.375,2.25,-0.552083,0,3,1,
17103,970,324030,1,19,105.278,0.722237,5.11111,0,0,1,
17103,970,342710,1,37,57.8611,3.77406,0.729167,0,3,1,
17103,970,346220,1,56,7.80208,-0.303571,0,0,0,1,
17103,970,348760,1,5,6.66667,0.660715,-0.375,0,0,1,
17103,970,349880,1,36,9.69792,1.14286,-0.291667,0,3,1,
17103,970,367430,1,38,38.0625,-0.343052,1.3125,0,3,1,
17103,970,409860,1,36,59.5069,5.06944,-1.69444,0,3,1,
17103,970,412070,1,49,22.1607,-2.51823,0.589286,0,5,1,
17103,970,448730,1,3,34.9236,1.11111,0.569444,0,3,1,
17103,970,469950,1,21,93.6484,-4.6736,-3.61719,0,0,1,
17103,970,472560,1,13,23.6319,-4.57639,1.19444,0,5,1,
17103,970,474530,1,22,35.4167,5.20139,-4.14583,0,3,1,
17103,970,476840,1,48,23.0833,-5.0625,-0.125,0,1,1,
17103,970,479780,1,53,14.6979,0.758929,-0.114583,0,3,1,
17103,970,485430,1,38,11.3661,-0.10729,0.535714,0,0,1,
17103,970,486570,1,32,19.8571,0.258333,-0.0625,0,3,1,
17103,970,494540,1,46,13.2917,-5.15972,-2.93056,0,2,1,
17103,970,495680,1,46,14.2292,1.125,-2.28472,0,3,1,
17103,970,496650,1,56,14.1319,-2.98264,3.36806,0,2,1,
17103,970,499750,1,18,6.00893,0.946355,0.348214,0,0,1,
17103,970,539050,1,27,12.9643,1.12083,1.48214,0,5,1,
17103,970,540740,1,1,12.7857,2.08854,0.232143,0,0,1,
17103,970,661980,1,10,14.375,1.42396,-0.160714,0,5,1,
17103,970,672480,1,34,75.2847,-9.51389,0.451389,0,2,1,
17103,970,674960,1,32,90.4236,-8.31251,-1.92361,0,0,1,
17103,970,690460,1,24,82.0972,-3.40973,-2.40278,0,3,1,
17103,970,707950,1,44,12.4219,-1.31845,-1.76563,0,1,1,
17103,970,714620,1,59,22.2708,2.90972,-0.506944,0,3,1,
17103,970,725970,1,7,10.0089,0.426909,-1.33036,0,3,1,
17103,970,734580,1,63,69.3125,-0.944443,-7.44444,0,3,1,
17103,970,735190,1,63,48.1071,-3.43802,-4.29464,0,3,1,
17103,970,737490,1,50,37.2639,5.39582,-5.57639,0,3,1,
17103,970,754650,1,17,66.5764,-13.5,-1.70139,0,5,1,
17103,970,758110,1,26,42.9097,4.15973,1.20139,0,3,1,
17103,970,768470,1,21,103.847,-9.76389,0.888889,0,3,1,
17103,970,773150,1,56,93.3611,4.59028,2.52083,0,3,1,
17103,970,808340,1,43,33.6806,1.56945,-6.22917,0,3,1,
17103,970,809980,1,34,92.6181,3.70138,4.90972,0,3,1,
17103,970,827900,1,21,85.5556,-11.5903,-3.69444,0,1,1,
17103,970,860070,1,34,78.6667,-14.5625,-10.1667,0,3,1,
17103,970,860730,1,34,42.5833,-1.54166,0.9375,0,3,1,
17103,970,866380,1,58,33.4306,1.97222,1.95833,0,3,1,
17103,970,870180,1,12,36.9911,-4.26702,-0.267857,0,2,1,
17103,970,877020,1,36,20.5347,-5.50694,0.277778,0,1,1,
17103,970,879550,1,52,22.5139,-21.4861,-0.784722,0,1,1,
17103,970,886280,1,49,55.0764,-7.11111,-0.451389,0,3,1,
17103,970,945460,1,15,23.8333,2.27778,-3.28472,0,3,1,
17103,970,946850,1,22,34.3672,-2.42262,0.09375,0,2,1,
17103,970,949120,1,31,87.6319,-0.751732,0.923611,0,3,1,
17103,970,967680,1,15,24.2917,-2.00694,1.45833,0,3,1,
17103,970,974950,1,12,37.3036,-3.13715,-1.85714,0,1,1,
17103,970,975000,1,7,26.875,-3.91964,-2.91667,0,1,1,
17103,970,977500,1,41,9.78571,0.641146,0.125,0,3,1,
17103,970,983920,1,51,10.0625,0.839286,-0.03125,0,3,1,
17103,970,990390,1,27,97.2083,-1.68751,-3.13542,0,0,1,
17103,970,990840,1,55,60.6458,-4.27604,0.833333,0,3,1,
17103,970,994500,1,37,12.8125,0.309028,2.44643,0,3,1,
17103,970,1.04846e+06,1,56,58.1111,-7.91667,-0.173611,0,0,1,
17103,970,1.05097e+06,1,11,84.3958,-24.132,3.81944,0,0,1,
17103,970,1.05293e+06,1,37,54.1944,1.52777,-0.0208333,0,3,1,
17103,970,1.06906e+06,1,10,79.3542,-4.20834,1.5625,0,3,1,
17103,970,1.07014e+06,1,10,24.2778,-5.90278,4.08333,0,3,1,
17103,970,1.09461e+06,1,25,44.6736,-9.97916,-0.840278,0,5,1,
17103,970,1.09521e+06,1,56,4.22321,-1.03906,-0.767857,0,1,1,
17103,970,1.10283e+06,1,36,10.375,0.386111,1.58929,0,0,1,
17103,970,1.11379e+06,1,1,12.2188,0.616069,0,0,3,1,
17103,970,1.11763e+06,1,63,72.5781,-0.65873,0.25,0,3,1,
17103,970,1.12086e+06,1,43,26.4306,-6.63889,1.77083,0,5,1,
17103,970,1.12185e+06,1,18,7.75,0,0,0,5,1,
17103,970,1.123e+06,1,48,37.2153,3.22223,-4.79861,0,3,1,
17103,970,1.12532e+06,1,5,20.0893,-3.1625,0.839286,0,1,1,
17103,970,1.15019e+06,1,62,83.1806,-8.40277,-2.61806,0,5,1,
17103,970,1.15053e+06,1,54,81.5703,-2.49207,-0.179688,0,5,1,
17103,970,1.16078e+06,1,54,46.5089,-3.94931,-0.392857,0,1,1,
17103,970,1.1638e+06,1,43,63.6328,-3.37004,-0.679688,0,3,1,
17103,970,1.16514e+06,1,35,10.375,0.880382,-0.848214,0,3,1,
17103,970,1.16615e+06,1,39,62.7083,0.0486069,-0.0416667,0,3,1,
17103,970,1.16967e+06,1,46,28.3194,1.59089,-0.736111,0,3,1,
17103,970,1.16988e+06,1,55,7.29464,0.543056,-0.294643,0,3,1,
17103,971,12860,1,25,24.4643,-1.19809,0.946429,0,3,1,
17103,971,18180,1,38,81.6771,0.366058,0.677083,0,3,1,
17103,971,20570,1,40,96.8194,2.79167,-0.0138889,0,3,1,
17103,971,26510,1,60,31.7569,1.95139,0.888889,0,3,1,
17103,971,45190,1,32,8.13194,2.8125,0.277778,0,3,1,
17103,971,48480,1,60,34.1667,-5.06945,0.0208333,0,1,1,
17103,971,54400,1,10,26.4167,-5.63889,-6.08333,0,1,1,
17103,971,241610,1,37,63.625,-0.463287,-0.320313,0,3,1,
17103,971,245740,1,43,60.5179,0.56284,-0.678571,0,3,1,
17103,971,250980,1,37,15.5521,0.232143,0.25,0,3,1,
17103,971,255180,1,59,8.69643,-0.358333,0.0803571,0,1,1,
17103,971,259850,1,15,39.4514,-5.9716,-1.72222,0,5,1,
17103,971,263770,1,26,14.0469,0.435516,0,0,1,1,
17103,971,273370,1,14,12.3542,2.61607,-0.0625,0,3,1,
